geoid,dem_votes
01001,7439
01003,24934
01005,4158
01007,1619
01009,2576
01011,2983
01013,3251
01015,13194
01017,5405
01019,1553
01021,2698
01023,2515
01025,4927
01027,993
01029,605
01031,4601
01033,7137
01035,2580
01037,1478
01039,2314
01041,1457
01043,4039
01045,4484
01047,10236
01049,3758
01051,9774
01053,3964
01055,10027
01057,1142
01059,1568
01061,1391
01063,3133
01065,3868
01067,2263
01069,11352
01071,3276
01073,162112
01075,806
01077,10326
01079,2983
01081,25798
01083,14581
01085,3867
01087,6084
01089,87824
01091,4631
01093,1197
01095,5553
01097,72055
01099,3740
01101,57946
01103,12392
01105,3174
01107,3388
01109,4899
01111,1920
01113,10422
01115,7640
01117,33087
01119,3725
01121,10898
01123,4975
01125,33399
01127,4102
01129,1863
01131,3449
01133,884
02001,3367
02002,4571
02003,6130
02004,6161
02005,3328
02006,4773
02007,2513
02008,2576
02009,5849
02010,4070
02011,4633
02012,4169
02013,3682
02014,4346
02015,4364
02016,5344
02017,4990
02018,1928
02019,2825
02020,3924
02021,4711
02022,2660
02023,4116
02024,3234
02025,3172
02026,2013
02027,1807
02028,2213
02029,2708
02030,2701
02031,3240
02032,1883
02033,2016
02034,3759
02035,4885
02036,3538
02037,1921
02038,2028
02039,2180
02040,1362
04001,18872
04003,22296
04005,41504
04007,8504
04009,3867
04011,954
04012,2101
04013,980016
04015,24081
04017,20754
04019,292450
04021,80656
04023,11265
04025,48717
04027,26823
05001,1503
05003,1774
05005,4341
05007,45231
05009,2854
05011,961
05013,379
05015,3812
05017,1796
05019,2959
05021,907
05023,1941
05025,524
05027,2466
05029,2449
05031,11210
05033,4753
05035,7362
05037,1642
05039,798
05041,1638
05043,2050
05045,17752
05047,1232
05049,906
05051,13015
05053,1192
05055,2935
05057,1776
05059,2818
05061,1158
05063,2689
05065,949
05067,1183
05069,12802
05071,2107
05073,698
05075,965
05077,1270
05079,813
05081,1084
05083,1464
05085,6790
05087,1491
05089,1501
05091,3769
05093,3574
05095,1002
05097,645
05099,849
05101,644
05103,3412
05105,923
05107,2754
05109,560
05111,1235
05113,1145
05115,5487
05117,524
05119,92038
05121,1138
05123,2953
05125,16609
05127,425
05129,511
05131,13652
05133,862
05135,1316
05137,1089
05139,5019
05141,1437
05143,43779
05145,5641
05147,760
05149,1213
06001,499551
06003,479
06005,7783
06007,44228
06009,9181
06011,2431
06013,356008
06015,4266
06017,47703
06019,151628
06021,3260
06023,39800
06025,26083
06027,4201
06029,108241
06031,15519
06033,12794
06035,2478
06037,2417109
06039,20981
06041,116152
06043,3622
06045,24049
06047,40190
06049,1008
06051,3522
06053,93060
06055,43212
06057,33784
06059,691731
06061,103958
06063,4020
06065,451782
06067,381564
06069,15179
06071,362114
06073,841372
06075,323719
06077,126647
06079,81314
06081,242957
06083,114149
06085,510744
06087,100998
06089,27130
06091,641
06093,8329
06095,113997
06097,179600
06099,85347
06101,13016
06103,7415
06105,2449
06107,53221
06109,10909
06111,217424
06113,61405
06115,10725
08001,124056
08003,3244
08005,190725
08007,3904
08009,275
08011,645
08013,150149
08014,29426
08015,7992
08017,108
08019,3464
08021,1627
08023,1155
08025,422
08027,1188
08029,6030
08031,278634
08033,325
08035,110408
08037,16943
08039,4768
08041,166597
08043,7526
08045,15128
08047,2254
08049,4743
08051,6887
08053,257
08055,1965
08057,173
08059,210875
08061,102
08063,556
08065,2199
08067,20677
08069,129376
08071,3276
08073,432
08075,2098
08077,33573
08079,317
08081,1167
08083,5793
08085,8354
08087,3291
08089,3164
08091,2442
08093,4841
08095,412
08097,7932
08099,1227
08101,39328
08103,637
08105,2306
08107,10208
08109,1704
08111,376
08113,3529
08115,283
08117,11762
08119,5065
08121,329
08123,68752
08125,758
09110,285105
09120,83461
09130,58360
09140,99237
09150,21165
09160,31137
09170,156248
09180,76146
09190,181194
10001,44222
10003,180700
10005,64836
11001,36882
11002,33571
11003,39521
11004,38628
11005,41413
11006,43262
11007,33972
11008,26936
12001,81578
12003,1982
12005,25201
12007,2946
12009,141233
12011,507328
12013,1021
12015,40450
12017,26276
12019,37926
12021,71720
12023,8250
12027,3525
12029,1183
12031,229365
12033,64601
12035,28431
12037,1870
12039,14203
12041,1662
12043,1222
12045,1970
12047,1727
12049,1751
12051,4096
12053,34431
12055,15227
12057,321455
12059,882
12061,35654
12063,5892
12065,3429
12067,441
12069,84546
12071,139240
12073,94520
12075,5994
12077,566
12079,3231
12081,86674
12083,72436
12085,33539
12086,480355
12087,17933
12089,17143
12091,32074
12093,3671
12095,340807
12097,84205
12099,372512
12101,117450
12103,242452
12105,136879
12107,9354
12109,66862
12111,83517
12113,27035
12115,112668
12117,120717
12119,32551
12121,4217
12123,1991
12125,971
12127,120132
12129,5441
12131,10287
12133,2140
13001,1560
13003,700
13005,645
13007,590
13009,9159
13011,1136
13013,12949
13015,13942
13017,2199
13019,1209
13021,42172
13023,1339
13025,736
13027,2629
13029,7779
13031,11514
13033,4994
13035,3544
13037,1153
13039,8405
13043,1196
13045,17634
13047,7704
13049,1007
13051,82758
13053,703
13055,1896
13057,48838
13059,36297
13061,771
13063,94203
13065,702
13067,228404
13069,4295
13071,4114
13073,31624
13075,1956
13077,28111
13079,1582
13081,2993
13083,1343
13085,3350
13087,4372
13089,299630
13091,2081
13093,1921
13095,23831
13097,46240
13099,2158
13101,127
13103,9144
13105,2700
13107,2673
13109,1214
13111,2807
13113,35822
13115,12862
13117,45509
13119,1647
13121,384752
13123,3413
13125,133
13127,16144
13129,4982
13131,3290
13133,4514
13135,242507
13137,4036
13139,28347
13141,2864
13143,2065
13145,5976
13147,3210
13149,859
13151,83253
13153,35907
13155,986
13157,10472
13159,1881
13161,924
13163,3674
13165,1179
13167,1066
13169,4959
13171,2795
13173,995
13175,7820
13177,4957
13179,13459
13181,1351
13183,2476
13185,19487
13187,3356
13189,3937
13191,2628
13193,2755
13195,3753
13197,1253
13199,4373
13201,670
13205,3701
13207,4689
13209,927
13211,3533
13213,2459
13215,49413
13217,33839
13219,8620
13221,2515
13223,35802
13225,6293
13227,3522
13229,1089
13231,1648
13233,3749
13235,1281
13237,3696
13239,480
13241,2222
13243,1601
13245,56657
13247,33165
13249,453
13251,2581
13253,1191
13255,13679
13257,2404
13259,1177
13261,6136
13263,1888
13265,507
13267,1967
13269,1366
13271,1274
13273,2253
13275,8347
13277,5438
13279,2674
13281,1649
13283,864
13285,11757
13287,1365
13289,1895
13291,3309
13293,4098
13295,6436
13297,15605
13299,4068
13301,1354
13303,4643
13305,2708
13307,544
13309,622
13311,2609
13313,10953
13315,847
13317,2112
13319,2012
13321,2300
15001,52163
15003,204301
15007,17675
15009,38905
16001,116116
16003,577
16005,14306
16007,346
16009,935
16011,3878
16013,8424
16015,1065
16017,7650
16019,14458
16021,1145
16023,185
16025,153
16027,25669
16029,445
16031,1359
16033,50
16035,774
16037,586
16039,2611
16041,703
16043,954
16045,1699
16047,1100
16049,1460
16051,1891
16053,1742
16055,22113
16057,9039
16059,1038
16061,305
16063,392
16065,2767
16067,1373
16069,5928
16071,253
16073,756
16075,2064
16077,785
16079,1472
16081,3463
16083,9064
16085,2869
16087,1010
17001,8111
17003,904
17005,2117
17007,10159
17009,467
17011,5900
17013,560
17015,2600
17017,1438
17019,54314
17021,4026
17023,1927
17025,1054
17027,4447
17029,7495
17031,1447821
17033,2048
17035,1059
17037,23648
17039,2058
17041,2198
17043,251164
17045,1816
17047,457
17049,3617
17051,1632
17053,1643
17055,4257
17057,5980
17059,561
17061,1220
17063,9143
17065,739
17067,2183
17069,357
17071,1026
17073,9226
17075,2747
17077,11394
17079,912
17081,4240
17083,2816
17085,5051
17087,1241
17089,120077
17091,18399
17093,32977
17095,9838
17097,184642
17099,21029
17101,1283
17103,6105
17105,4311
17107,3543
17109,4736
17111,75370
17113,44495
17115,18009
17117,6892
17119,56341
17121,4116
17123,1913
17125,1773
17127,1683
17129,1834
17131,2950
17133,6473
17135,3573
17137,4848
17139,1615
17141,8883
17143,40564
17145,2146
17147,3204
17149,1302
17151,416
17153,769
17155,1254
17157,3461
17159,1747
17161,34126
17163,63433
17165,2634
17167,46074
17169,961
17171,488
17173,2240
17175,725
17177,8278
17179,24325
17181,2285
17183,9254
17185,1200
17187,2711
17189,1564
17191,1155
17193,1390
17195,11012
17197,162874
17199,9890
17201,59942
17203,5958
18001,3179
18003,69960
18005,12525
18007,1010
18009,1227
18011,16426
18013,2832
18015,2120
18017,3722
18019,22810
18021,2495
18023,3135
18025,1235
18027,1963
18029,5335
18031,2406
18033,5064
18035,18848
18037,5944
18039,23082
18041,2084
18043,17025
18045,1526
18047,2061
18049,2097
18051,3722
18053,7083
18055,3270
18057,90394
18059,14312
18061,5233
18063,31917
18065,5208
18067,12197
18069,4416
18071,4015
18073,3489
18075,1747
18077,4442
18079,2328
18081,24880
18083,3625
18085,7995
18087,2162
18089,109086
18091,20007
18093,5010
18095,19824
18097,221719
18099,5356
18101,933
18103,3046
18105,37213
18107,4134
18109,7765
18111,1370
18113,4462
18115,666
18117,1988
18119,2354
18121,1371
18123,2970
18125,1314
18127,37213
18129,3572
18131,1280
18133,3871
18135,2349
18137,2682
18139,1675
18141,55215
18143,2389
18145,4955
18147,2853
18149,2436
18151,4598
18153,2006
18155,873
18157,32683
18159,1893
18161,746
18163,31727
18165,1928
18167,16338
18169,3335
18171,898
18173,11292
18175,2764
18177,8828
18179,2850
18181,2945
18183,4275
19001,1086
19003,576
19005,2350
19007,1686
19009,970
19011,4739
19013,31299
19015,5895
19017,5571
19019,3766
19021,2462
19023,2144
19025,1328
19027,3153
19029,2077
19031,4075
19033,9955
19035,1611
19037,1919
19039,1265
19041,2367
19043,3017
19045,9472
19047,1812
19049,29402
19051,878
19053,957
19055,2978
19057,7935
19059,3297
19061,23705
19063,1315
19065,3334
19067,2782
19069,1393
19071,1023
19073,1603
19075,2019
19077,1974
19079,2482
19081,1523
19083,2553
19085,2245
19087,2995
19089,1619
19091,1236
19093,826
19095,3400
19097,3567
19099,7141
19101,3788
19103,58846
19105,3942
19107,1219
19109,2284
19111,5659
19113,66358
19115,1480
19117,1169
19119,1023
19121,3008
19123,2577
19125,5928
19127,7134
19129,2456
19131,1943
19133,1236
19135,1002
19137,1508
19139,8212
19141,1428
19143,555
19145,2060
19147,1338
19149,3104
19151,796
19153,140075
19155,17468
19157,4067
19159,638
19161,1289
19163,42479
19165,1811
19167,2626
19169,26765
19171,3070
19173,666
19175,1874
19177,778
19179,4896
19181,12712
19183,4297
19185,643
19187,5641
19189,1909
19191,5321
19193,16145
19195,1508
19197,1770
20001,1445
20003,732
20005,2201
20007,288
20009,2207
20011,1444
20013,1065
20015,9150
20017,348
20019,211
20021,1970
20023,206
20025,129
20027,867
20029,767
20031,934
20033,130
20035,3919
20037,5956
20039,215
20041,1989
20043,626
20045,39582
20047,213
20049,191
20051,3511
20053,636
20055,3425
20057,2461
20059,3676
20061,3674
20063,150
20065,210
20067,395
20069,324
20071,75
20073,541
20075,131
20077,437
20079,6202
20081,221
20083,136
20085,1799
20087,3030
20089,176
20091,183451
20093,192
20095,753
20097,151
20099,2385
20101,111
20103,13732
20105,250
20107,854
20109,183
20111,5515
20113,4021
20115,1429
20117,1205
20119,247
20121,5472
20123,528
20125,2934
20127,721
20129,131
20131,888
20133,1696
20135,129
20137,346
20139,1946
20141,261
20143,476
20145,625
20147,331
20149,3394
20151,954
20153,176
20155,8554
20157,396
20159,825
20161,12063
20163,349
20165,264
20167,608
20169,7734
20171,248
20173,90506
20175,1354
20177,40308
20179,126
20181,379
20183,300
20185,326
20187,115
20189,210
20191,2527
20193,597
20195,216
20197,944
20199,52
20201,396
20203,107
20205,647
20207,282
20209,30938
21001,1257
21003,1505
21005,3226
21007,697
21009,4565
21011,1278
21013,1419
21015,20601
21017,3088
21019,6291
21021,4990
21023,702
21025,1002
21027,2038
21029,10280
21031,965
21033,1256
21035,5111
21037,18952
21039,408
21041,963
21043,2305
21045,804
21047,7055
21049,5639
21051,692
21053,549
21055,608
21057,483
21059,15673
21061,1118
21063,532
21065,1114
21067,83387
21069,1334
21071,3061
21073,11996
21075,636
21077,761
21079,1719
21081,1944
21083,3105
21085,2235
21087,782
21089,4181
21091,1173
21093,16572
21095,1199
21097,2265
21099,1642
21101,6837
21103,1857
21105,394
21107,4916
21109,506
21111,203070
21113,8303
21115,1350
21117,30859
21119,1181
21121,1821
21123,1389
21125,4037
21127,1044
21129,406
21131,382
21133,1457
21135,666
21137,2080
21139,886
21141,2734
21143,950
21145,10191
21147,641
21149,989
21151,15180
21153,909
21155,2513
21157,3700
21159,287
21161,2170
21163,3279
21165,664
21167,2838
21169,884
21171,576
21173,3329
21175,939
21177,3048
21179,6515
21181,824
21183,2094
21185,14402
21187,988
21189,203
21191,1210
21193,1966
21195,4025
21197,1174
21199,5351
21201,215
21203,986
21205,3484
21207,1200
21209,10501
21211,7822
21213,2403
21215,2415
21217,2576
21219,1051
21221,1667
21223,923
21225,1225
21227,21065
21229,1533
21231,1444
21233,1153
21235,2237
21237,689
21239,6282
22001,4695
22003,1661
22005,20113
22007,3273
22009,4460
22011,2192
22013,2531
22015,14467
22017,48864
22019,23918
22021,580
22023,219
22025,1060
22027,2239
22029,2698
22031,4426
22033,103820
22035,1338
22037,3809
22039,3526
22041,2196
22043,996
22045,9504
22047,7503
22049,1852
22051,75731
22053,2699
22055,37170
22057,7864
22059,546
22061,6627
22063,9965
22065,2094
22067,4008
22069,5740
22071,130749
22073,22845
22075,3023
22077,4132
22079,16537
22081,1321
22083,2732
22085,1488
22087,5967
22089,8812
22091,2848
22093,5792
22095,12043
22097,14833
22099,7284
22101,7011
22103,37777
22105,16886
22107,1002
22109,9702
22111,2206
22113,4637
22115,2513
22117,5411
22119,5053
22121,6008
22123,578
22125,2004
22127,1292
23001,27019
23003,12900
23005,133281
23007,7990
23009,19817
23011,34585
23013,15076
23015,13110
23017,14765
23019,37945
23021,3510
23023,13982
23025,10134
23027,12661
23029,6763
23031,72114
24001,9231
24003,171945
24005,249958
24009,23438
24011,4860
24013,36867
24015,17628
24017,63454
24019,6954
24021,82409
24023,3456
24025,62453
24027,124764
24029,5251
24031,386581
24033,347038
24035,11273
24037,23531
24039,4054
24041,11119
24043,27260
24045,21513
24047,12431
24510,195109
25001,88129
25003,47094
25005,137813
25007,9137
25009,236624
25011,28305
25013,110937
25015,58617
25017,554471
25019,4784
25021,242712
25023,159962
25025,222280
25027,225680
26001,2140
26003,2075
26005,25637
26007,6038
26009,6330
26011,2662
26013,1488
26015,12391
26017,25767
26019,5780
26021,38323
26023,5911
26025,28988
26027,9050
26029,7197
26031,5543
26033,6796
26035,5273
26037,22450
26039,2752
26041,7462
26043,4763
26045,31056
26047,10005
26049,114670
26051,4501
26053,3385
26055,30339
26057,6682
26059,5875
26061,7881
26063,5522
26065,94542
26067,11338
26069,5344
26071,2441
26073,14011
26075,32348
26077,84501
26079,3206
26081,192668
26083,690
26085,2298
26087,16338
26089,9406
26091,20787
26093,49503
26095,769
26097,2675
26099,214977
26101,6309
26103,20866
26105,6973
26107,7688
26109,4256
26111,20926
26113,1945
26115,32622
26117,10368
26119,1702
26121,46028
26123,8131
26125,419519
26127,5085
26129,3578
26131,1313
26133,3326
26135,1414
26137,5052
26139,69653
26141,3036
26143,5290
26145,49515
26147,30844
26149,9452
26151,5957
26153,1631
26155,15335
26157,8562
26159,17175
26161,157152
26163,537032
26165,6224
27001,3524
27003,97667
27005,6435
27007,11493
27009,7084
27011,964
27013,17558
27015,4576
27017,9905
27019,31869
27021,6300
27023,2026
27025,11894
27027,16121
27029,1169
27031,2416
27033,1705
27035,14173
27037,143267
27039,4108
27041,7938
27043,2352
27045,4491
27047,6448
27049,11731
27051,1187
27053,502710
27055,4667
27057,4536
27059,7384
27061,10467
27063,1581
27065,2718
27067,7814
27069,911
27071,2465
27073,1314
27075,3534
27077,604
27079,5636
27081,972
27083,4284
27085,6374
27087,975
27089,1177
27091,3171
27093,3802
27095,4374
27097,4306
27099,8312
27101,1329
27103,9441
27105,2599
27107,1233
27109,49121
27111,11752
27113,2439
27115,5339
27117,1215
27119,4967
27121,2398
27123,195168
27125,642
27127,2300
27129,2280
27131,17353
27133,1585
27135,2093
27137,66335
27139,40214
27141,18329
27143,2351
27145,30829
27147,7650
27149,1827
27151,1618
27153,3072
27155,597
27157,4721
27159,1898
27161,3402
27163,90324
27165,1723
27167,986
27169,12929
27171,30883
27173,1548
28001,6743
28003,2328
28005,2246
28007,2930
28009,1318
28011,6419
28013,1547
28015,1431
28017,3090
28019,965
28021,2950
28023,2430
28025,4960
28027,4711
28029,5426
28031,2921
28033,29023
28035,11475
28037,1213
28039,1138
28041,835
28043,4060
28045,4262
28047,26555
28049,62840
28051,5420
28053,2443
28055,287
28057,1027
28059,15469
28061,3722
28063,2727
28065,3041
28067,7272
28069,2381
28071,8956
28073,7038
28075,10677
28077,1899
28079,3182
28081,10616
28083,6476
28085,4262
28087,11096
28089,22700
28091,3215
28093,6888
28095,5090
28097,1737
28099,2622
28101,2603
28103,3269
28105,8851
28107,6061
28109,3982
28111,1078
28113,7402
28115,2214
28117,1727
28119,1725
28121,18060
28123,3729
28125,1201
28127,3479
28129,1486
28131,1620
28133,5312
28135,2630
28137,3555
28139,1547
28141,921
28143,1837
28145,1807
28147,2355
28149,8683
28151,9735
28153,3028
28155,872
28157,1817
28159,3392
28161,2289
28163,4342
29001,3334
29003,2312
29005,529
29007,2688
29009,2873
29011,820
29013,1563
29015,2166
29017,756
29019,48452
29021,12598
29023,3160
29025,888
29027,5926
29029,5724
29031,10561
29033,789
29035,364
29037,19753
29039,1060
29041,875
29043,11850
29045,628
29047,60345
29049,2855
29051,12874
29053,2347
29055,2007
29057,671
29059,1458
29061,701
29063,870
29065,1025
29067,996
29069,1885
29071,14694
29073,1555
29075,616
29077,55971
29079,784
29081,534
29083,2535
29085,978
29087,357
29089,1341
29091,3073
29093,824
29095,187026
29097,13943
29099,36965
29101,6960
29103,311
29105,2756
29107,4294
29109,3248
29111,872
29113,6908
29115,1183
29117,1422
29119,1423
29121,1481
29123,986
29125,755
29127,3032
29129,235
29131,2067
29133,1015
29135,1313
29137,857
29139,1170
29141,1914
29143,1561
29145,5867
29147,2674
29149,696
29151,1009
29153,698
29155,1331
29157,1757
29159,4703
29161,5379
29163,1618
29165,27566
29167,2948
29169,3765
29171,347
29173,1154
29175,2571
29177,2927
29179,472
29181,763
29183,92226
29185,959
29186,2629
29187,6811
29189,305635
29195,2726
29197,334
29199,358
29201,3525
29203,625
29205,550
29207,1736
29209,3620
29211,408
29213,5329
29215,1589
29217,1774
29219,4970
29221,1747
29223,783
29225,3653
29227,190
29229,1057
29510,94458
30001,1543
30003,2112
30005,1348
30007,885
30009,2353
30011,75
30013,14021
30015,940
30017,1385
30019,154
30021,894
30023,2376
30025,163
30027,1522
30029,20062
30031,34938
30033,39
30035,2933
30037,67
30039,579
30041,2634
30043,2516
30045,265
30047,6510
30049,19085
30051,214
30053,2615
30055,129
30057,1689
30059,256
30061,689
30063,42903
30065,396
30067,5224
30069,37
30071,385
30073,782
30075,131
30077,710
30079,122
30081,8485
30083,778
30085,1680
30087,1095
30089,1705
30091,509
30093,9386
30095,1056
30097,525
30099,927
30101,415
30103,57
30105,935
30107,209
30109,71
30111,28392
31001,4100
31003,396
31005,17
31007,34
31009,37
31011,496
31013,1043
31015,132
31017,201
31019,6386
31021,983
31023,906
31025,4824
31027,702
31029,204
31031,349
31033,787
31035,577
31037,845
31039,867
31041,786
31043,2109
31045,992
31047,2101
31049,151
31051,573
31053,5434
31055,148733
31057,96
31059,662
31061,236
31063,185
31065,358
31067,3242
31069,162
31071,116
31073,203
31075,15
31077,192
31079,6956
31081,1067
31083,280
31085,19
31087,152
31089,681
31091,55
31093,642
31095,968
31097,625
31099,736
31101,731
31103,44
31105,272
31107,786
31109,81012
31111,3586
31113,25
31115,73
31117,12
31119,3360
31121,730
31123,366
31125,352
31127,915
31129,399
31131,2463
31133,284
31135,187
31137,758
31139,446
31141,3191
31143,501
31145,815
31147,934
31149,85
31151,1855
31153,43825
31155,3558
31157,3856
31159,2388
31161,362
31163,328
31165,77
31167,492
31169,544
31171,44
31173,978
31175,403
31177,3538
31179,1006
31181,296
31183,57
31185,1648
32001,3179
32003,520187
32005,11553
32007,4632
32009,73
32011,104
32013,1711
32015,482
32017,314
32019,8954
32021,711
32023,7559
32027,496
32029,913
32031,130071
32033,883
32510,13375
33001,17469
33003,16827
33005,24579
33007,7355
33009,32998
33011,118780
33013,48181
33015,97616
33017,42374
33019,12317
34001,61879
34003,232660
34005,132275
34007,155522
34009,21648
34011,26577
34013,224596
34015,78708
34017,144765
34019,36995
34021,107558
34023,191802
34025,156382
34027,135672
34029,105789
34031,95156
34033,12275
34035,98790
34037,31019
34039,147327
34041,23318
35001,184117
35003,571
35005,5941
35006,4450
35007,2436
35009,4230
35011,206
35013,45937
35015,5032
35017,7301
35019,959
35021,128
35023,705
35025,3930
35027,3033
35028,7726
35029,3176
35031,15711
35033,1439
35035,8582
35037,1055
35039,9373
35041,1820
35043,41205
35045,17464
35047,6985
35049,61405
35051,2332
35053,3384
35055,12038
35057,2144
35059,378
35061,13609
36001,92589
36003,5483
36005,261670
36007,45142
36009,11424
36011,15772
36013,22085
36015,15572
36017,8177
36019,17478
36021,20396
36023,10290
36025,9237
36027,79994
36029,248651
36031,9629
36033,8821
36035,7666
36037,9367
36039,10436
36041,1211
36043,9110
36045,16326
36047,601265
36049,3600
36051,12148
36053,14629
36055,214757
36057,7356
36059,338424
36061,533782
36063,43438
36065,39415
36067,133155
36069,29520
36071,80253
36073,5366
36075,20483
36077,13031
36079,23956
36081,437282
36083,39668
36085,69345
36087,65880
36089,18010
36091,66321
36093,39733
36095,5547
36097,3736
36099,6610
36101,15413
36103,341812
36105,14549
36107,9437
36109,34631
36111,57974
36113,17099
36115,11224
36117,17056
36119,287434
36121,4929
36123,4401
37001,40624
37003,4060
37005,1533
37007,5253
37009,4431
37011,2220
37013,9049
37015,5279
37017,6620
37019,40557
37021,98662
37023,13272
37025,54494
37027,10146
37029,1522
37031,12813
37033,4493
37035,26569
37037,29014
37039,3686
37041,2895
37043,1899
37045,16603
37047,8648
37049,22011
37051,78631
37053,4604
37055,10074
37057,24150
37059,6988
37061,8057
37063,144450
37065,14900
37067,114145
37069,18167
37071,44062
37073,2268
37075,839
37077,14365
37079,3437
37081,171118
37083,14014
37085,23472
37087,13913
37089,29361
37091,6191
37093,11896
37095,931
37097,36739
37099,9746
37101,48116
37103,2007
37105,12245
37107,12700
37109,14842
37111,5911
37113,6675
37115,5090
37117,5360
37119,376454
37121,1915
37123,4055
37125,21436
37127,25508
37129,68814
37131,5239
37133,25684
37135,65444
37137,2676
37139,9549
37141,12460
37143,2269
37145,8295
37147,45595
37149,4827
37151,15951
37153,7787
37155,16728
37157,15676
37159,23788
37161,8914
37163,9797
37165,6754
37167,8881
37169,5380
37171,8613
37173,2643
37175,8972
37177,680
37179,51168
37181,11292
37183,402984
37185,5872
37187,3138
37189,17225
37191,22618
37193,7194
37195,19909
37197,3739
37199,3635
38001,215
38003,1661
38005,795
38007,93
38009,735
38011,207
38013,130
38015,14215
38017,40304
38019,491
38021,557
38023,253
38025,332
38027,316
38029,205
38031,335
38033,122
38035,12469
38037,205
38039,301
38041,192
38043,238
38045,453
38047,117
38049,479
38051,229
38053,809
38055,1093
38057,672
38059,3748
38061,1125
38063,580
38065,156
38067,704
38069,439
38071,1513
38073,920
38075,179
38077,2473
38079,2567
38081,663
38083,101
38085,654
38087,33
38089,2473
38091,367
38093,2692
38095,289
38097,1359
38099,1173
38101,7215
38103,405
38105,2276
39001,2098
39003,12754
39005,6544
39007,15345
39009,14134
39011,4442
39013,8080
39015,4069
39017,66713
39019,3071
39021,4944
39023,21847
39025,36130
39027,4633
39029,12064
39031,3835
39033,4683
39035,376384
39037,4583
39039,5667
39041,61657
39043,16871
39045,31695
39047,2773
39049,380518
39051,6374
39053,2592
39055,20604
39057,35575
39059,4154
39061,233360
39063,11467
39065,2863
39067,1559
39069,3905
39071,3609
39073,3704
39075,1854
39077,7496
39079,2953
39081,8592
39083,8698
39085,54484
39087,6514
39089,32832
39091,5027
39093,74207
39095,106320
39097,5713
39099,50636
39101,7902
39103,39771
39105,2202
39107,3865
39109,15969
39111,1336
39113,126767
39115,1560
39117,4100
39119,10874
39121,1069
39123,8866
39125,1987
39127,3800
39129,7397
39131,2793
39133,34759
39135,4343
39137,2996
39139,16591
39141,9846
39143,10139
39145,8021
39147,7765
39149,4350
39151,71090
39153,145005
39155,39758
39157,12032
39159,12934
39161,3000
39163,1169
39165,47128
39167,8600
39169,15898
39171,4644
39173,30016
39175,2731
40001,1289
40003,236
40005,779
40007,158
40009,1093
40011,671
40013,3569
40015,2414
40017,21038
40019,4277
40021,5826
40023,944
40025,66
40027,49432
40029,345
40031,12823
40033,392
40035,1212
40037,6643
40039,2279
40041,3475
40043,209
40045,197
40047,4849
40049,1802
40051,4536
40053,295
40055,304
40057,165
40059,147
40061,718
40063,831
40065,1602
40067,319
40069,684
40071,4136
40073,923
40075,658
40077,681
40079,3184
40081,2712
40083,5901
40085,689
40087,4031
40089,1696
40091,1937
40093,327
40095,1169
40097,3529
40099,1080
40101,7400
40103,1009
40105,720
40107,854
40109,138769
40111,3979
40113,5867
40115,2511
40117,1355
40119,10560
40121,3473
40123,3895
40125,7266
40127,616
40129,160
40131,10146
40133,1951
40135,2907
40137,3236
40139,793
40141,500
40143,106105
40145,9330
40147,5793
40149,551
40151,614
40153,967
41001,2301
41003,33579
41005,126979
41007,12442
41009,12865
41011,13596
41013,3731
41015,5685
41017,65677
41019,18181
41021,291
41023,813
41025,795
41027,8364
41029,53907
41031,3921
41033,16592
41035,9829
41037,670
41039,123957
41041,17112
41043,25749
41045,2830
41047,73967
41049,1132
41051,323969
41053,21908
41055,229
41057,7726
41059,9170
41061,4043
41063,1573
41065,6005
41067,192641
41069,210
41071,25971
42001,19842
42003,429916
42005,8553
42007,37196
42009,4336
42011,91125
42013,18127
42015,7990
42017,198431
42019,40661
42021,21177
42023,538
42025,11394
42027,41119
42029,184281
42031,4562
42033,9647
42035,5395
42037,11083
42039,12858
42041,66255
42043,78327
42045,201324
42047,4483
42049,67456
42051,19548
42053,724
42055,23543
42057,1102
42059,4592
42061,5368
42063,12697
42065,4707
42067,2290
42069,59510
42071,120119
42073,15440
42075,24734
42077,96317
42079,62504
42081,17216
42083,5115
42085,20145
42087,4735
42089,42007
42091,317103
42093,3862
42095,86655
42097,12863
42099,6385
42101,568571
42103,13132
42105,1675
42107,20882
42109,5239
42111,8596
42113,976
42115,6093
42117,5100
42119,8015
42121,7624
42123,6212
42125,44910
42127,9150
42129,74904
42131,4680
42133,91926
44001,17458
44003,46269
44005,27332
44007,151508
44009,42589
45001,3399
45003,31298
45005,2165
45007,25281
45009,3245
45011,4082
45013,44002
45015,46416
45017,3339
45019,111427
45021,5939
45023,6353
45025,6520
45027,7064
45029,7376
45031,12977
45033,5241
45035,32489
45037,4659
45039,6277
45041,27706
45043,14965
45045,100074
45047,10766
45049,4328
45051,62325
45053,8144
45055,11826
45057,20146
45059,8769
45061,4505
45063,47815
45065,2513
45067,7316
45069,5137
45071,5841
45073,9987
45075,22832
45077,13891
45079,121110
45081,2454
45083,50710
45085,23425
45087,4084
45089,8634
45091,59600
46003,302
46005,2017
46007,389
46009,697
46011,5978
46013,6075
46015,666
46017,291
46019,942
46021,120
46023,1000
46025,415
46027,2944
46029,3840
46031,495
46033,1567
46035,2743
46037,1000
46039,528
46041,1032
46043,219
46045,384
46047,1030
46049,183
46051,946
46053,426
46055,105
46057,610
46059,365
46061,399
46063,48
46065,2838
46067,755
46069,148
46071,357
46073,276
46075,60
46077,760
46079,1978
46081,5074
46083,12981
46085,422
46087,733
46089,188
46091,782
46093,3421
46095,285
46097,293
46099,39923
46101,1052
46102,2567
46103,20051
46105,228
46107,214
46109,1560
46111,259
46115,921
46117,447
46119,168
46121,1570
46123,470
46125,1044
46127,2548
46129,481
46135,3883
46137,366
47001,11525
47003,4122
47005,1317
47007,891
47009,17664
47011,9852
47013,2305
47015,1132
47017,2233
47019,4454
47021,5464
47023,1286
47025,1971
47027,614
47029,2415
47031,5440
47033,1196
47035,6996
47037,181862
47039,819
47041,1706
47043,5913
47045,2707
47047,6720
47049,1149
47051,4529
47053,5100
47055,2974
47057,1432
47059,5145
47061,948
47063,5132
47065,74437
47067,334
47069,3527
47071,1704
47073,3987
47075,3311
47077,1902
47079,3286
47081,1968
47083,773
47085,1767
47087,1040
47089,4503
47091,1212
47093,87516
47095,429
47097,2571
47099,2939
47101,991
47103,2782
47105,7625
47107,4207
47109,1727
47111,1277
47113,16115
47115,3026
47117,3390
47119,14145
47121,968
47123,3608
47125,32736
47127,542
47129,1054
47131,2221
47133,1931
47135,558
47137,487
47139,1356
47141,8991
47143,2312
47145,6073
47147,8428
47149,56656
47151,942
47153,1292
47155,8322
47157,201759
47159,1595
47161,1160
47163,16624
47165,27874
47167,6178
47169,856
47171,1578
47173,1216
47175,524
47177,3647
47179,18131
47181,762
47183,2725
47185,2105
47187,47695
47189,23855
48001,3635
48003,806
48005,8146
48007,2831
48009,520
48011,77
48013,5153
48015,2816
48017,332
48019,2532
48021,15989
48023,184
48025,2606
48027,53973
48029,411389
48031,1973
48033,16
48035,1524
48037,9282
48039,63976
48041,33844
48043,1969
48045,72
48047,1308
48049,2132
48051,1705
48053,6114
48055,6618
48057,1853
48059,761
48061,54258
48063,1201
48065,290
48067,2406
48069,418
48071,4192
48073,3744
48075,263
48077,584
48079,148
48081,179
48083,428
48085,222115
48087,135
48089,2108
48091,27680
48093,834
48095,153
48097,3310
48099,6959
48101,89
48103,186
48105,323
48107,451
48109,319
48111,152
48113,511118
48115,667
48117,1019
48119,397
48121,191503
48123,1270
48125,146
48127,1765
48129,174
48131,2003
48133,918
48135,9881
48137,133
48139,33850
48141,143156
48143,2871
48145,1713
48147,2607
48149,2515
48151,330
48153,358
48155,92
48157,179310
48159,813
48161,1499
48163,1848
48165,538
48167,56732
48169,213
48171,3160
48173,38
48175,778
48177,1729
48179,845
48181,14800
48183,13294
48185,2734
48187,29573
48189,1903
48191,149
48193,625
48195,146
48197,188
48199,3347
48201,808771
48203,7369
48205,163
48207,313
48209,65528
48211,190
48213,6919
48215,104517
48217,2919
48219,1323
48221,6070
48223,2917
48225,2065
48227,1759
48229,275
48231,10212
48233,913
48235,105
48237,363
48239,907
48241,2615
48243,450
48245,38936
48247,856
48249,5577
48251,19247
48253,907
48255,1051
48257,24726
48259,6355
48261,41
48263,50
48265,6315
48267,261
48269,6
48271,346
48273,4338
48275,214
48277,4079
48279,729
48281,2232
48283,933
48285,1235
48287,1640
48289,1033
48291,5952
48293,1921
48295,123
48297,761
48299,2613
48301,10
48303,37148
48305,371
48307,455
48309,33863
48311,37
48313,964
48315,1101
48317,247
48319,434
48321,3231
48323,6373
48325,6950
48327,170
48329,11351
48331,2331
48333,310
48335,352
48337,1208
48339,82277
48341,860
48343,1312
48345,35
48347,7690
48349,4708
48351,952
48353,1020
48355,53248
48357,269
48359,74
48361,5945
48363,2143
48365,1905
48367,14872
48369,368
48371,1144
48373,4910
48375,8748
48377,1289
48379,869
48381,12935
48383,141
48385,315
48387,1103
48389,1070
48391,919
48393,20
48395,1926
48397,18092
48399,452
48401,4337
48403,590
48405,809
48407,2175
48409,8025
48411,276
48413,192
48415,734
48417,146
48419,1741
48421,48
48423,28041
48425,751
48427,6862
48429,384
48431,43
48433,110
48435,228
48437,403
48439,384501
48441,13624
48443,91
48445,587
48447,73
48449,2275
48451,11585
48453,398981
48455,1195
48457,1249
48459,2820
48461,146
48463,3218
48465,5282
48467,3450
48469,9998
48471,7461
48473,10183
48475,627
48477,4058
48479,31952
48481,3910
48483,169
48485,12237
48487,860
48489,2673
48491,147766
48493,6247
48495,283
48497,5605
48499,3618
48501,342
48503,962
48505,1877
48507,1984
49001,394
49003,5274
49005,18718
49007,2525
49009,101
49011,59895
49013,1009
49015,603
49017,541
49019,2828
49021,5683
49023,734
49025,1137
49027,713
49029,1256
49031,94
49033,214
49035,273658
49037,2581
49039,1906
49041,1236
49043,14612
49045,9560
49047,1952
49049,84937
49051,6459
49053,22327
49055,381
49057,41238
50001,14879
50003,12326
50005,8977
50007,72656
50009,1344
50011,13280
50013,2940
50015,9788
50017,10220
50019,7006
50021,17375
50023,24527
50025,17904
50027,22569
51001,7374
51003,44279
51005,2114
51007,2214
51009,5429
51011,2324
51013,100446
51015,11403
51017,588
51019,12414
51021,524
51023,5915
51025,4184
51027,1355
51029,2988
51031,7890
51033,7957
51035,2925
51036,2384
51037,2008
51041,112869
51043,3993
51045,542
51047,10557
51049,2117
51051,1316
51053,5942
51057,2775
51059,386438
51061,17180
51063,2968
51065,7731
51067,8321
51069,18331
51071,2069
51073,7034
51075,7875
51077,1503
51079,4456
51081,2334
51083,6984
51085,26733
51087,115040
51089,8457
51091,416
51093,9779
51095,26742
51097,1536
51099,5657
51101,3388
51103,3355
51105,1391
51107,129280
51109,8779
51111,2253
51113,2700
51115,1774
51117,6404
51119,2473
51121,23811
51125,4298
51127,5641
51131,3603
51133,3202
51135,2636
51137,8274
51139,2976
51141,1886
51143,9599
51145,5734
51147,4539
51149,6842
51153,131128
51155,4830
51157,2041
51159,1439
51161,21693
51163,4160
51165,15035
51167,2172
51169,1607
51171,6914
51173,2805
51175,3626
51177,35747
51179,41252
51181,2176
51183,2539
51185,3030
51187,6910
51191,6772
51193,4491
51195,3036
51197,3075
51199,18296
51510,62326
51520,2231
51530,767
51540,19435
51550,65399
51570,2982
51580,818
51590,10615
51595,1419
51600,8797
51610,7200
51620,2359
51630,8760
51640,753
51650,43357
51660,10641
51670,5078
51678,1795
51680,16664
51683,9048
51685,3506
51690,3435
51700,48169
51710,59941
51720,458
51730,11219
51735,2119
51740,28306
51750,3231
51760,88710
51770,25737
51775,5237
51790,7592
51800,30597
51810,115412
51820,5240
51830,5613
51840,6407
53001,1455
53003,4082
53005,37662
53007,18397
53009,25440
53011,143206
53013,661
53015,22825
53017,7410
53019,1315
53021,11884
53023,330
53025,10806
53027,17161
53029,29595
53031,17459
53033,832606
53035,91731
53037,10810
53039,5917
53041,14433
53043,1678
53045,17215
53047,8466
53049,6825
53051,2461
53053,235169
53055,9539
53057,36956
53059,3147
53061,240099
53063,131163
53065,7492
53067,95663
53069,1204
53071,13106
53073,83295
53075,10480
53077,36706
54001,1199
54003,17500
54005,1641
54007,1233
54009,2621
54011,13474
54013,488
54015,580
54017,374
54019,4387
54021,486
54023,552
54025,4196
54027,1890
54029,3360
54031,1297
54033,8402
54035,2699
54037,11967
54039,30231
54041,1372
54043,1279
54045,1848
54047,1036
54049,8185
54051,3186
54053,2111
54055,4851
54057,2483
54059,1061
54061,19265
54063,1155
54065,1947
54067,1919
54069,6727
54071,680
54073,656
54075,927
54077,2953
54079,7124
54081,6816
54083,3008
54085,517
54087,1218
54089,1226
54091,1694
54093,890
54095,554
54097,2033
54099,3532
54101,479
54103,1294
54105,409
54107,10317
54109,980
55001,4443
55003,4612
55005,8941
55007,6107
55009,67937
55011,2765
55013,3665
55015,12927
55017,14573
55019,4509
55021,16388
55023,3860
55025,273995
55027,16518
55029,10565
55031,13073
55033,10643
55035,34400
55037,783
55039,20495
55041,1681
55043,10966
55045,10903
55047,3449
55049,7750
55051,1487
55053,4157
55055,20574
55057,4854
55059,41826
55061,4059
55063,39008
55065,3469
55067,3746
55069,6306
55071,17399
55073,31529
55075,7415
55077,3252
55078,1266
55079,316292
55081,8476
55083,6967
55085,10080
55087,49438
55089,27874
55091,1523
55093,10171
55095,9567
55097,21503
55099,3005
55101,49721
55103,3985
55105,46642
55107,2516
55109,23870
55111,18172
55113,4599
55115,7336
55117,27735
55119,2823
55121,6219
55123,7514
55125,6119
55127,23161
55129,3867
55131,28504
55133,108478
55135,9947
55137,4571
55139,44660
55141,16599
56001,8371
56003,742
56005,2004
56007,1274
56009,845
56011,443
56013,5179
56015,1156
56017,488
56019,847
56021,14153
56023,1623
56025,8337
56027,112
56029,3259
56031,780
56033,3920
56035,920
56037,3731
56039,8748
56041,1561
56043,656
56045,378
