geoid,gop_votes
01001,20484
01003,95798
01005,5606
01007,7572
01009,25354
01011,1101
01013,5172
01015,34912
01017,8711
01019,11358
01021,16920
01023,4103
01025,6965
01027,5734
01029,6988
01031,17495
01033,19714
01035,3423
01037,3758
01039,14677
01041,5000
01043,38704
01045,14476
01047,5190
01049,25633
01051,31374
01053,10884
01055,35653
01057,7158
01059,10417
01061,10929
01063,885
01065,3369
01067,6989
01069,32469
01071,20073
01073,131123
01075,6033
01077,32708
01079,13024
01081,46020
01083,37887
01085,1758
01087,1682
01089,105430
01091,4995
01093,12245
01095,34434
01097,100759
01099,6007
01101,30477
01103,40449
01105,1269
01107,5465
01109,8224
01111,9102
01113,10078
01115,35501
01117,79666
01119,1542
01121,22100
01123,14884
01125,50724
01127,25464
01129,6534
01131,1793
01133,10191
02001,4861
02002,4534
02003,4496
02004,2691
02005,4351
02006,6705
02007,6777
02008,7950
02009,5581
02010,4357
02011,4864
02012,4059
02013,3589
02014,2768
02015,4594
02016,3929
02017,2407
02018,2686
02019,1971
02020,3041
02021,3984
02022,2594
02023,6101
02024,6482
02025,6891
02026,7143
02027,6785
02028,6713
02029,7418
02030,7312
02031,3475
02032,3742
02033,6548
02034,5836
02035,4395
02036,5633
02037,2208
02038,1558
02039,1690
02040,1688
04001,12795
04003,35936
04005,27576
04007,18901
04009,11177
04011,2308
04012,5470
04013,1051531
04015,85683
04017,29480
04019,214669
04021,126926
04023,7699
04025,99346
04027,40745
05001,3951
05003,5145
05005,16253
05007,79907
05009,13968
05011,2213
05013,1674
05015,7470
05017,1658
05019,4526
05021,3968
05023,10595
05025,2804
05027,5367
05029,5893
05031,25152
05033,18615
05035,7028
05037,4753
05039,1482
05041,1805
05043,4203
05045,35357
05047,5582
05049,4040
05051,28359
05053,6755
05055,12617
05057,4193
05059,9226
05061,3246
05063,11023
05065,4854
05067,3509
05069,8468
05071,6766
05073,1589
05075,4608
05077,1181
05079,2502
05081,3744
05083,6567
05085,23225
05087,5885
05089,6230
05091,11842
05093,6963
05095,1385
05097,2987
05099,2002
05101,3063
05103,5056
05105,3559
05107,2098
05109,3746
05111,5731
05113,6987
05115,18118
05117,2628
05119,57977
05121,5367
05123,2909
05125,39736
05127,2913
05129,3305
05131,30719
05133,3772
05135,5978
05137,4808
05139,10196
05141,6023
05143,50243
05145,24514
05147,1513
05149,5147
06001,140789
06003,243
06005,14018
06007,47179
06009,16625
06011,4414
06013,155308
06015,5999
06017,61109
06019,165924
06021,6904
06023,21559
06025,26546
06027,4468
06029,167879
06031,25074
06033,13161
06035,8619
06037,1189862
06039,32344
06041,24054
06043,5625
06045,13528
06047,43955
06049,2884
06051,2294
06053,49226
06055,20357
06057,26177
06059,654815
06061,123941
06063,5725
06065,463677
06067,252140
06069,11702
06071,378416
06073,593270
06075,62594
06077,128996
06079,64932
06081,76616
06083,64870
06085,210924
06087,27978
06089,59539
06091,1066
06093,12461
06095,70345
06097,63426
06099,106986
06101,25372
06103,18503
06105,2979
06107,81854
06109,17210
06111,158901
06113,27844
06115,18491
08001,103024
08003,4057
08005,125311
08007,5218
08009,1686
08011,1496
08013,40758
08014,16071
08015,6034
08017,930
08019,2452
08021,2358
08023,850
08025,1231
08027,2583
08029,12948
08031,74765
08033,1076
08035,127451
08037,10148
08039,15209
08041,203933
08043,17313
08045,14493
08047,1729
08049,4822
08051,3689
08053,332
08055,2346
08057,634
08059,140505
08061,744
08063,3083
08065,1557
08067,14024
08069,89680
08071,4328
08073,2090
08075,7855
08077,55839
08079,417
08081,5358
08083,8972
08085,16704
08087,9830
08089,5520
08091,1573
08093,6828
08095,1888
08097,2992
08099,3833
08101,43688
08103,2988
08105,3743
08107,5676
08109,1577
08111,188
08113,1154
08115,1048
08117,5244
08119,10856
08121,2436
08123,106469
08125,3807
09110,181038
09120,51519
09130,44318
09140,115290
09150,29028
09160,31944
09170,103087
09180,58392
09190,122302
10001,42458
10003,90868
10005,81025
11001,2056
11002,2982
11003,3544
11004,2511
11005,2309
11006,3638
11007,2092
11008,1944
12001,52939
12003,12926
12005,71497
12007,10920
12009,216533
12011,358952
12013,5367
12015,82480
12017,71356
12019,87711
12021,143267
12023,25108
12027,8888
12029,6920
12031,236285
12033,96407
12035,51014
12037,4831
12039,7495
12041,8931
12043,4034
12045,6684
12047,3964
12049,6336
12051,9253
12053,75446
12055,36382
12057,342017
12059,8193
12061,62737
12063,16074
12065,5011
12067,3296
12069,140500
12071,250661
12073,60397
12075,18245
12077,2898
12079,5874
12081,140486
12083,140173
12085,64121
12086,605590
12087,26064
12089,47945
12091,80309
12093,12315
12095,258279
12097,86713
12099,366836
12101,197779
12103,269472
12105,209044
12107,26700
12109,128759
12111,100293
12113,84314
12115,163219
12117,129735
12119,72134
12121,17561
12123,7954
12125,5224
12127,187691
12129,14246
12131,38970
12133,10370
13001,6761
13003,2350
13005,4186
13007,883
13009,9574
13011,9358
13013,30730
13015,43271
13017,4281
13019,6841
13021,26658
13023,4685
13025,7744
13027,4560
13029,16738
13031,20985
13033,6027
13035,9424
13037,900
13039,17819
13043,3366
13045,42536
13047,27150
13049,3607
13051,57336
13053,982
13055,8769
13057,112142
13059,16049
13061,663
13063,16877
13065,2201
13067,168679
13069,11388
13071,12451
13073,53657
13075,5374
13077,57204
13079,4742
13081,5099
13083,6804
13085,16115
13087,7140
13089,62622
13091,6249
13093,2243
13095,9904
13097,23996
13099,2718
13101,1307
13103,26943
13105,6860
13107,6919
13109,3011
13111,13232
13113,38177
13115,31631
13117,91281
13119,10459
13121,144655
13123,14976
13125,1534
13127,27558
13129,22495
13131,7385
13133,8215
13135,173041
13137,19142
13139,72991
13141,1364
13143,14239
13145,16283
13147,11064
13149,5335
13151,44982
13153,45090
13155,3340
13157,36497
13159,7203
13161,4935
13163,3765
13165,2217
13167,2913
13169,11079
13171,7575
13173,2726
13175,15460
13177,12655
13179,9441
13181,3559
13183,4557
13185,28081
13187,14339
13189,6562
13191,4747
13193,1916
13195,12951
13197,2348
13199,7375
13201,2045
13205,5150
13207,12954
13209,3033
13211,9589
13213,14965
13215,30616
13217,24893
13219,18424
13221,6255
13223,58769
13225,7104
13227,17281
13229,8655
13231,10864
13233,15352
13235,3036
13237,9136
13239,656
13241,8151
13243,1373
13245,26472
13247,11711
13249,1970
13251,4325
13253,2811
13255,19184
13257,10632
13259,847
13261,5869
13263,1483
13265,375
13267,6515
13269,2600
13271,2930
13273,2075
13275,13670
13277,11496
13279,8208
13281,7155
13283,2250
13285,19392
13287,2457
13289,2549
13291,14477
13293,9528
13295,25462
13297,42407
13299,10279
13301,1232
13303,4824
13305,10811
13307,790
13309,1648
13311,14136
13313,28655
13315,2493
13317,2971
13319,2888
13321,6991
15001,28748
15003,130489
15007,11803
15009,22621
16001,143759
16003,2037
16005,24329
16007,2908
16009,4094
16011,16188
16013,4281
16015,3727
16017,21352
16019,40053
16021,5794
16023,1268
16025,547
16027,72755
16029,2906
16031,7959
16033,280
16035,3550
16037,1998
16039,7791
16041,6279
16043,5645
16045,8707
16047,4676
16049,8148
16051,13481
16053,6012
16055,72059
16057,10669
16059,3716
16061,1503
16063,1466
16065,13925
16067,6401
16069,13707
16071,2119
16073,4101
16075,9458
16077,2146
16079,4500
16081,3005
16083,27304
16085,4214
16087,4429
17001,23161
17003,1341
17005,5692
17007,13673
17009,1938
17011,9784
17013,2059
17015,5082
17017,3712
17019,32965
17021,11278
17023,6130
17025,5610
17027,14407
17029,13606
17031,583852
17033,6727
17035,4627
17037,22716
17039,5529
17041,6076
17043,191243
17045,5955
17047,2794
17049,15124
17051,7847
17053,4778
17055,13200
17057,9827
17059,1923
17061,4719
17063,16997
17065,3385
17067,6708
17069,1546
17071,2369
17073,15359
17075,10376
17077,10614
17079,4449
17081,12189
17083,8684
17085,7136
17087,4798
17089,99260
17091,28285
17093,31970
17095,11917
17097,120402
17099,30717
17101,4715
17103,9680
17105,11970
17107,8757
17109,6987
17111,83933
17113,40290
17115,26562
17117,16065
17119,73925
17121,12409
17123,4119
17125,4464
17127,4939
17129,4499
17131,5215
17133,14055
17135,9378
17137,9607
17139,4816
17141,16450
17143,36896
17145,6949
17147,6104
17149,6086
17151,1698
17153,1583
17155,2014
17157,10624
17159,5889
17161,28061
17163,54021
17165,7830
17167,50979
17169,2720
17171,2071
17173,9267
17175,1983
17177,12347
17179,42451
17181,5837
17183,19777
17185,4095
17187,4579
17189,5892
17191,7019
17193,5586
17195,14898
17197,157672
17199,22686
17201,59257
17203,14837
18001,10528
18003,90283
18005,22220
18007,2873
18009,3811
18011,22840
18013,5647
18015,6902
18017,10285
18019,34734
18021,9354
18023,9108
18025,3668
18027,9322
18029,20844
18031,9491
18033,14377
18035,26067
18037,14983
18039,45652
18041,7625
18043,23408
18045,6311
18047,9810
18049,6633
18051,11896
18053,17580
18055,11132
18057,102318
18059,29288
18061,14830
18063,49783
18065,15033
18067,25871
18069,12990
18071,14323
18073,12082
18075,6217
18077,9614
18079,9273
18081,51588
18083,11236
18085,26213
18087,8073
18089,97270
18091,26726
18093,15830
18095,34837
18097,124327
18099,13837
18101,3961
18103,10670
18105,21004
18107,12122
18109,26965
18111,5131
18113,14209
18115,2381
18117,6467
18119,7360
18121,5158
18123,5549
18125,4610
18127,46109
18129,9206
18131,4372
18133,12566
18135,8008
18137,11526
18139,5812
18141,53585
18143,7633
18145,14438
18147,7364
18149,7889
18151,11487
18153,6639
18155,3319
18157,32783
18159,5946
18161,2698
18163,41056
18165,5174
18167,23738
18169,10425
18171,3402
18173,21280
18175,9739
18177,17526
18179,11006
18181,7969
18183,13122
19001,2916
19003,1517
19005,4857
19007,4704
19009,2214
19011,9549
19013,30572
19015,9199
19017,8799
19019,6790
19021,4962
19023,5784
19025,3708
19027,7814
19029,5007
19031,6390
19033,12627
19035,4398
19037,4234
19039,3140
19041,6047
19043,6255
19045,13964
19047,4651
19049,32374
19051,3027
19053,2711
19055,6984
19057,10794
19059,7775
19061,28224
19063,3422
19065,6325
19067,4744
19069,3431
19071,2711
19073,3211
19075,4998
19077,4446
19079,5004
19081,4336
19083,5790
19085,5566
19087,6439
19089,3157
19091,3770
19093,2771
19095,6068
19097,7074
19099,12701
19101,4353
19103,26087
19105,6820
19107,3869
19109,5983
19111,10152
19113,54237
19115,3584
19117,3400
19119,5899
19121,6864
19123,8207
19125,13289
19127,9815
19129,5671
19131,3736
19133,3331
19135,3104
19137,3486
19139,11152
19141,5998
19143,2623
19145,5153
19147,3576
19149,10661
19151,2727
19153,112240
19155,26335
19157,5758
19159,2015
19161,4100
19163,45976
19165,4600
19167,16053
19169,21665
19171,5379
19173,2381
19175,4044
19177,2785
19179,9479
19181,19486
19183,7119
19185,2426
19187,10850
19189,3636
19191,6427
19193,25969
19195,2715
19197,3853
20001,4029
20003,2998
20005,4911
20007,1854
20009,8205
20011,5003
20013,3106
20015,22426
20017,1090
20019,1299
20021,6584
20023,1185
20025,867
20027,3150
20029,3218
20031,3371
20033,727
20035,9360
20037,10084
20039,1217
20041,7014
20043,2899
20045,17523
20047,1042
20049,1123
20051,9743
20053,2078
20055,7166
20057,5616
20059,8773
20061,5288
20063,1227
20065,1055
20067,1793
20069,1837
20071,510
20073,2299
20075,671
20077,2072
20079,9591
20081,1045
20083,817
20085,4557
20087,6694
20089,1370
20091,154247
20093,1082
20095,3119
20097,941
20099,5410
20101,709
20103,22055
20105,1233
20107,4093
20109,1186
20111,7462
20113,9816
20115,4312
20117,3644
20119,1427
20121,12854
20123,2608
20125,9287
20127,2021
20129,909
20131,4655
20133,4961
20135,1205
20137,1882
20139,5736
20141,1477
20143,2475
20145,2003
20147,2356
20149,9811
20151,3054
20153,1194
20155,17847
20157,2001
20159,3073
20161,11630
20163,2153
20165,1315
20167,2632
20169,15069
20171,1843
20173,120118
20175,3133
20177,39901
20179,1229
20181,2161
20183,1675
20185,1548
20187,537
20189,1595
20191,7810
20193,3007
20195,1343
20197,2816
20199,686
20201,2263
20203,740
20205,2894
20207,1205
20209,18867
21001,7643
21003,7824
21005,9650
21007,3331
21009,15019
21011,4041
21013,7831
21015,45650
21017,6284
21019,14363
21021,9159
21023,3399
21025,4036
21027,7882
21029,32299
21031,4905
21033,4860
21035,11539
21037,28450
21039,2182
21041,3014
21043,8981
21045,6216
21047,14332
21049,11950
21051,6729
21053,4276
21055,3349
21057,2922
21059,30705
21061,5048
21063,2335
21065,5091
21067,57347
21069,5578
21071,12326
21073,13246
21075,1491
21077,3109
21079,7086
21081,9372
21083,13378
21085,9710
21087,5033
21089,12961
21091,3375
21093,30672
21095,9109
21097,6639
21099,6691
21101,12592
21103,6093
21105,1656
21107,15361
21109,5358
21111,144553
21113,17854
21115,8150
21117,48444
21119,4732
21121,11178
21123,5773
21125,23516
21127,5464
21129,2227
21131,3908
21133,6848
21135,4997
21137,8833
21139,4021
21141,9620
21143,3187
21145,21349
21147,5531
21149,3578
21151,29130
21153,4288
21155,6473
21157,13677
21159,3343
21161,5621
21163,10630
21165,2563
21167,8826
21169,4197
21171,4679
21173,9302
21175,4353
21177,10491
21179,16052
21181,2451
21183,8679
21185,23025
21187,4434
21189,1625
21191,5593
21193,7913
21195,19684
21197,4092
21199,26051
21201,915
21203,6635
21205,6224
21207,7622
21209,18747
21211,16356
21213,6253
21215,8927
21217,9523
21219,4009
21221,5436
21223,3283
21225,4758
21227,34862
21229,4720
21231,7203
21233,4339
21235,12687
21237,2163
21239,8419
22001,21783
22003,7003
22005,41319
22007,6963
22009,11379
22011,13504
22013,3660
22015,37105
22017,44471
22019,56064
22021,3724
22023,3120
22025,3258
22027,3522
22029,4974
22031,9359
22033,82720
22035,931
22037,6020
22039,10483
22041,6524
22043,7925
22045,19511
22047,7616
22049,5291
22051,98810
22053,11478
22055,72007
22057,34461
22059,6023
22061,11248
22063,55101
22065,1846
22067,5961
22069,9100
22071,24119
22073,40808
22075,6803
22077,7319
22079,36171
22081,2337
22083,6354
22085,8613
22087,11033
22089,17443
22091,2804
22093,5902
22095,6557
22097,21812
22099,17466
22101,13671
22103,98377
22105,37500
22107,1093
22109,31115
22111,8176
22113,21510
22115,13474
22117,12846
22119,10965
22121,7627
22123,3986
22125,3923
22127,4437
23001,30605
23003,22246
23005,60950
23007,9459
23009,15549
23011,36589
23013,10262
23015,10409
23017,19228
23019,47438
23021,6487
23023,9917
23025,17826
23027,11815
23029,11003
23031,58194
24001,22141
24003,128892
24005,149560
24009,29361
24011,11053
24013,62273
24015,33871
24017,26145
24019,9390
24021,68753
24023,11983
24025,83050
24027,49425
24029,5561
24031,112637
24033,45008
24035,20200
24037,33582
24039,5805
24041,11125
24043,44054
24045,24065
24047,19632
24510,27984
25001,57451
25003,19805
25005,134201
25007,2745
25009,155336
25011,12428
25013,92474
25015,23256
25017,235118
25019,2171
25021,132497
25023,133544
25025,66480
25027,183802
26001,5257
26003,3116
26005,45206
26007,10967
26009,10341
26011,6379
26013,2779
26015,25650
26017,34792
26019,6895
26021,44975
26023,14848
26025,38606
26027,18505
26029,10183
26031,10653
26033,11249
26035,11772
26037,26751
26039,5613
26041,14109
26043,10324
26045,33102
26047,12465
26049,105303
26051,10809
26053,4803
26055,31423
26057,12894
26059,18631
26061,11181
26063,13224
26065,50564
26067,22179
26069,10155
26071,4501
26073,16320
26075,50199
26077,58671
26079,8149
26081,172720
26083,896
26085,4523
26087,38398
26089,8035
26091,33463
26093,81217
26095,2170
26097,4476
26099,284660
26101,8748
26103,17459
26105,10830
26107,14445
26109,8647
26111,28571
26113,7066
26115,57405
26117,23946
26119,4599
26121,47733
26123,20630
26125,337791
26127,9547
26129,8879
26131,2479
26133,9639
26135,3716
26137,10693
26139,106133
26141,5568
26143,10582
26145,52912
26147,64277
26149,19403
26151,17080
26153,3196
26155,24718
26157,21764
26159,23407
26161,58844
26163,288860
26165,12968
27001,6741
27003,106974
27005,12961
27007,12898
27009,15260
27011,1796
27013,18001
27015,9692
27017,10435
27019,35586
27021,12759
27023,4175
27025,23047
27027,15965
27029,3575
27031,1142
27033,4157
27035,27423
27037,109995
27039,8095
27041,16726
27043,5247
27045,7638
27047,10003
27049,16461
27051,2266
27053,197244
27055,6547
27057,8809
27059,18027
27061,15863
27063,3949
27065,6818
27067,15014
27069,1535
27071,4204
27073,2600
27075,3265
27077,1710
27079,11503
27081,2190
27083,8400
27085,14394
27087,1165
27089,3774
27091,7442
27093,9645
27095,10570
27097,15666
27099,10297
27101,3346
27103,9540
27105,5541
27107,1963
27109,39467
27111,24276
27113,4756
27115,11274
27117,3537
27119,10162
27121,4677
27123,75284
27125,1425
27127,5895
27129,5610
27131,18264
27133,3690
27135,6279
27137,50065
27139,47837
27141,38491
27143,6014
27145,53932
27147,12742
27149,3213
27151,3340
27153,10392
27155,1165
27157,8523
27159,6028
27161,6770
27163,75271
27165,3087
27167,2290
27169,14288
27171,57211
27173,3738
28001,5081
28003,12657
28005,4484
28007,4723
28009,2535
28011,3943
28013,4443
28015,3730
28017,4079
28019,2881
28021,558
28023,5093
28025,4017
28027,2008
28029,6134
28031,5869
28033,48064
28035,16579
28037,2831
28039,9858
28041,4776
28043,5651
28045,16684
28047,48497
28049,22816
28051,1243
28053,990
28055,296
28057,9523
28059,36376
28061,4118
28063,541
28065,2302
28067,20265
28069,1691
28071,14050
28073,20775
28075,16487
28077,4113
28079,5143
28081,24339
28083,2854
28085,11432
28087,13087
28089,32333
28091,7874
28093,7977
28095,10861
28097,2658
28099,8154
28101,6641
28103,1151
28105,8901
28107,8202
28109,20438
28111,4425
28113,7943
28115,11740
28117,8581
28119,902
28121,50896
28123,6098
28125,551
28127,7552
28129,6146
28131,6214
28133,2515
28135,2333
28137,9185
28139,7984
28141,8064
28143,799
28145,10559
28147,4114
28149,9407
28151,4649
28153,6013
28155,4195
28157,1075
28159,4922
28161,3518
28163,4558
29001,6771
29003,7407
29005,2152
29007,7699
29009,13138
29011,5159
29013,6702
29015,8526
29017,5365
29019,39673
29021,22606
29023,14549
29025,3771
29027,15206
29029,19597
29031,29315
29033,3708
29035,2488
29037,38792
29039,6064
29041,3179
29043,38379
29045,2679
29047,67688
29049,8235
29051,26686
29053,6393
29055,8742
29057,3480
29059,6907
29061,3185
29063,3885
29065,6013
29067,6242
29069,8096
29071,40126
29073,6370
29075,2651
29077,85956
29079,3582
29081,3293
29083,8286
29085,4108
29087,1982
29089,3534
29091,15733
29093,3644
29095,125610
29097,39084
29099,80796
29101,16298
29103,1479
29105,14155
29107,12720
29109,15001
29111,3565
29113,24866
29115,4437
29117,5395
29119,7843
29121,6300
29123,4721
29125,3987
29127,9991
29129,1545
29131,10826
29133,3404
29135,5877
29137,3476
29139,4776
29141,7725
29143,5203
29145,22923
29147,6909
29149,3884
29151,6657
29153,4044
29155,3917
29157,7986
29159,13907
29161,13658
29163,6151
29165,29381
29167,12691
29169,11579
29171,2021
29173,4575
29175,8322
29177,8602
29179,2560
29181,5002
29183,130588
29185,3982
29186,7031
29187,21521
29189,187982
29195,6498
29197,1588
29199,1537
29201,13786
29203,3364
29205,2691
29207,11783
29209,15357
29211,2035
29213,21236
29215,9855
29217,7112
29219,14915
29221,8424
29223,5030
29225,15984
29227,904
29229,7850
29510,19342
30001,4058
30003,2188
30005,1526
30007,3770
30009,4719
30011,760
30013,22419
30015,1885
30017,4208
30019,778
30021,3627
30023,2329
30025,1303
30027,4965
30029,41390
30031,32695
30033,756
30035,1939
30037,440
30039,1537
30041,3871
30043,5544
30045,1051
30047,9880
30049,21479
30051,752
30053,8909
30055,931
30057,4615
30059,888
30061,2049
30063,27306
30065,2550
30067,6128
30069,284
30071,1753
30073,1972
30075,963
30077,2466
30079,546
30081,20617
30083,4387
30085,2055
30087,2466
30089,6150
30091,1321
30093,8110
30095,4699
30097,1789
30099,2533
30101,1571
30103,367
30105,3019
30107,843
30109,463
30111,50460
31001,10077
31003,3032
31005,264
31007,348
31009,250
31011,2499
31013,3827
31015,938
31017,1428
31019,17064
31021,2632
31023,3642
31025,10685
31027,4141
31029,1648
31031,2687
31033,3692
31035,2677
31037,2636
31039,3536
31041,5042
31043,3934
31045,2812
31047,6312
31049,843
31051,2271
31053,10795
31055,120919
31057,829
31059,2315
31061,1351
31063,1213
31065,2043
31067,7523
31069,949
31071,893
31073,907
31075,351
31077,1030
31079,15566
31081,4416
31083,1506
31085,472
31087,1269
31089,4708
31091,369
31093,2868
31095,2614
31097,1496
31099,2828
31101,3416
31103,500
31105,1424
31107,3593
31109,74215
31111,12674
31113,409
31115,354
31117,267
31119,12145
31121,3551
31123,2026
31125,1462
31127,2443
31129,1836
31131,5651
31133,1085
31135,1224
31137,4158
31139,3420
31141,12326
31143,2296
31145,4457
31147,2962
31149,745
31151,3734
31153,55567
31155,9854
31157,11033
31159,6667
31161,2102
31163,1344
31165,597
31167,2536
31169,2278
31171,348
31173,1125
31175,1872
31177,8855
31179,3011
31181,1449
31183,424
31185,5234
32001,9962
32003,493052
32005,23237
32007,17352
32009,376
32011,910
32013,6141
32015,2180
32017,2108
32019,23861
32021,1528
32023,18946
32027,1764
32029,2108
32031,127443
32033,3364
32510,16873
33001,22765
33003,17407
33005,20142
33007,9731
33009,21911
33011,112068
33013,43365
33015,102542
33017,33163
33019,12484
34001,65817
34003,217096
34005,94116
34007,87767
34009,32151
34011,28675
34013,83908
34015,83326
34017,79913
34019,42391
34021,52274
34023,162459
34025,197409
34027,143439
34029,227232
34031,100954
34033,18229
34035,74101
34037,52123
34039,89063
34041,35772
35001,118762
35003,1752
35005,15894
35006,4311
35007,3252
35009,10714
35011,649
35013,37594
35015,18141
35017,6580
35019,945
35021,297
35023,1140
35025,16997
35027,6942
35028,4047
35029,4698
35031,9364
35033,1010
35035,15117
35037,2570
35039,6268
35041,4687
35043,36605
35045,34264
35047,3887
35049,20457
35051,3473
35053,3651
35055,4139
35057,4880
35059,1247
35061,19057
36001,54560
36003,13826
36005,98174
36007,44763
36009,22586
36011,20482
36013,34528
36015,21861
36017,14294
36019,18247
36021,15168
36023,11706
36025,13789
36027,71778
36029,204774
36031,9533
36033,10569
36035,16237
36037,18997
36039,14702
36041,2223
36043,19557
36045,26417
36047,233964
36049,9353
36051,18780
36053,19025
36055,145940
36057,13286
36059,368117
36061,113921
36063,58678
36065,60687
36067,93916
36069,30221
36071,94936
36073,12659
36075,33548
36077,15256
36079,31553
36081,264628
36083,38601
36085,128151
36087,83543
36089,25919
36091,63940
36093,31975
36095,10423
36097,5717
36099,8379
36101,29777
36103,417549
36105,20386
36107,15038
36109,11354
36111,39743
36113,18606
36115,17268
36117,27286
36119,167795
36121,14112
36123,6098
37001,47937
37003,16404
37005,4900
37007,5525
37009,11629
37011,7181
37013,17296
37015,3840
37017,10035
37019,67658
37021,59016
37023,32130
37025,63746
37027,33009
37029,4716
37031,32508
37033,7445
37035,59577
37037,22507
37039,13883
37041,4587
37043,5761
37045,34654
37047,17592
37049,33477
37051,59840
37053,13235
37055,14792
37057,67959
37059,19398
37061,14677
37063,32853
37065,9355
37067,87292
37069,23938
37071,73828
37073,3538
37075,3883
37077,17383
37079,4965
37081,109077
37083,9778
37085,39440
37087,23393
37089,39497
37091,3561
37093,10547
37095,1465
37097,72801
37099,11796
37101,74878
37103,3409
37105,17489
37107,14564
37109,40183
37111,17520
37113,14981
37115,8275
37117,6601
37119,187770
37121,6843
37123,9044
37125,39617
37127,26431
37129,67949
37131,3905
37133,54960
37135,20806
37137,5229
37139,10537
37141,26042
37143,5278
37145,13509
37147,40403
37149,8107
37151,59357
37153,11931
37155,29647
37157,33447
37159,50807
37161,25456
37163,18178
37165,7767
37167,27518
37169,21548
37171,28565
37173,4311
37175,11492
37177,1057
37179,86271
37181,8614
37183,236735
37185,3976
37187,2768
37189,15254
37191,31580
37193,28812
37195,19750
37197,16439
37199,7509
38001,962
38003,3531
38005,1163
38007,543
38009,2628
38011,1384
38013,909
38015,36595
38017,47873
38019,1461
38021,1829
38023,914
38025,1877
38027,862
38029,1697
38031,1326
38033,847
38035,18123
38037,1076
38039,963
38041,1089
38043,1137
38045,1614
38047,898
38049,2223
38051,1132
38053,4627
38055,4231
38057,3798
38059,12839
38061,2877
38063,1141
38065,909
38067,2350
38069,1493
38071,3609
38073,1661
38075,993
38077,5576
38079,1427
38081,1325
38083,644
38085,285
38087,351
38089,12323
38091,622
38093,7185
38095,796
38097,2650
38099,3186
38101,20635
38103,1815
38105,12501
39001,10269
39003,33201
39005,19863
39007,27656
39009,11369
39011,20988
39013,22758
39015,17257
39017,114831
39019,10634
39021,15334
39023,40403
39025,76964
39027,15984
39029,35607
39031,12362
39033,15402
39035,195164
39037,22234
39039,13302
39041,70448
39043,22493
39045,51999
39047,9706
39049,210830
39051,15893
39053,10314
39055,33844
39057,53399
39059,13314
39061,172365
39063,26052
39065,9911
39067,5484
39069,10873
39071,16269
39073,9679
39075,10384
39077,19484
39079,11249
39081,22317
39083,23112
39085,72924
39087,20013
39089,61359
39091,18182
39093,83297
39095,82398
39097,14737
39099,61249
39101,19219
39103,66308
39105,8127
39107,19710
39109,42677
39111,5396
39113,125566
39115,5168
39117,14609
39119,28147
39121,5050
39123,14872
39125,7203
39127,13062
39129,21607
39131,9352
39133,47681
39135,17146
39137,16576
39139,41298
39141,22801
39143,19311
39145,22978
39147,17241
39149,20740
39151,111478
39153,125910
39155,55983
39157,30652
39159,23982
39161,11616
39163,4531
39165,91132
39167,22161
39169,36764
39171,13461
39173,36877
39175,8564
40001,5860
40003,1891
40005,4832
40007,1938
40009,6474
40011,3054
40013,13999
40015,6886
40017,50551
40019,14945
40021,11637
40023,4633
40025,860
40027,67225
40029,2155
40031,20823
40033,2067
40035,4740
40037,24098
40039,7693
40041,14407
40043,1984
40045,1585
40047,16593
40049,9063
40051,20378
40053,1794
40055,1511
40057,709
40059,1284
40061,4156
40063,3744
40065,6295
40067,2020
40069,3462
40071,12483
40073,5745
40075,2569
40077,3356
40079,15333
40081,12495
40083,17748
40085,3510
40087,17005
40089,9485
40091,6387
40093,3087
40095,5348
40097,13514
40099,4689
40101,16550
40103,3853
40105,3774
40107,3080
40109,143618
40111,10100
40113,14404
40115,8490
40117,5405
40119,17962
40121,13841
40123,10967
40125,20915
40127,4025
40129,1548
40131,35942
40133,5951
40135,12491
40137,15092
40139,4319
40141,2006
40143,145241
40145,28487
40147,16836
40149,4030
40151,2955
40153,6231
41001,6984
41003,14041
41005,103832
41007,9829
41009,17184
41011,20587
41013,11804
41015,7943
41017,53318
41019,41059
41021,805
41023,3483
41025,3305
41027,3854
41029,61535
41031,7438
41033,30696
41035,24613
41037,3367
41039,76149
41041,11645
41043,43078
41045,7593
41047,77083
41049,3402
41051,70231
41053,23695
41055,877
41057,7944
41059,20809
41061,9872
41063,3366
41065,6754
41067,92427
41069,616
41071,29484
42001,40248
42003,283595
42005,28296
42007,56837
42009,23658
42011,116677
42013,46352
42015,22937
42017,198722
42019,79773
42021,49408
42023,1654
42025,23708
42027,38829
42029,137299
42031,15036
42033,30481
42035,12965
42037,21190
42039,29685
42041,80267
42043,69474
42045,123421
42047,12543
42049,68866
42051,43633
42053,1902
42055,59604
42057,7039
42059,12319
42061,17627
42063,29215
42065,18235
42067,9721
42069,56261
42071,166261
42073,31347
42075,48282
42077,91207
42079,92444
42081,41961
42083,14401
42085,37761
42087,17184
42089,42676
42091,198311
42093,5944
42095,89817
42097,30240
42099,19073
42101,144311
42103,21537
42105,7334
42107,51665
42109,14664
42111,31993
42113,2721
42115,16114
42117,16272
42119,12969
42121,18883
42123,14345
42125,75929
42127,20071
42129,135008
42131,10222
42133,154884
44001,10048
44003,44526
44005,16027
44007,112558
44009,31247
45001,8509
45003,53592
45005,813
45007,71828
45009,2376
45011,5605
45013,59123
45015,64777
45017,4474
45019,99265
45021,18697
45023,9030
45025,11682
45027,9065
45029,10696
45031,17017
45033,6526
45035,43839
45037,9092
45039,4792
45041,32615
45043,22326
45045,158541
45047,19715
45049,3801
45051,141719
45053,9900
45055,21289
45057,33623
45059,21110
45061,3078
45063,96965
45065,3565
45067,5906
45069,4896
45071,12067
45073,31772
45075,13750
45077,45728
45079,58019
45081,6452
45083,103032
45085,21215
45087,8102
45089,5524
45091,88239
46003,1056
46005,4826
46007,676
46009,2236
46011,8575
46013,10645
46015,1694
46017,164
46019,4024
46021,706
46023,2551
46025,1382
46027,2574
46029,9349
46031,631
46033,4313
46035,6208
46037,1876
46039,1717
46041,793
46043,1419
46045,1618
46047,3135
46049,920
46051,2594
46053,1790
46055,1004
46057,2560
46059,1376
46061,1611
46063,754
46065,5379
46067,2918
46069,530
46071,753
46073,708
46075,477
46077,1989
46079,3819
46081,9904
46083,22621
46085,993
46087,2227
46089,1087
46091,1288
46093,10887
46095,434
46097,841
46099,51842
46101,2068
46102,406
46103,35009
46105,1342
46107,1059
46109,2514
46111,929
46115,2145
46117,1260
46119,716
46121,497
46123,2150
46125,3374
46127,6160
46129,1940
46135,6650
46137,388
47001,24582
47003,15772
47005,5886
47007,5254
47009,50699
47011,38836
47013,13115
47015,5682
47017,9547
47019,20167
47021,14987
47023,6206
47025,11463
47027,3117
47029,13105
47031,19174
47033,4674
47035,27399
47037,102256
47039,4596
47041,7599
47043,19002
47045,11603
47047,16756
47049,8555
47051,15016
47053,16346
47055,10394
47057,9630
47059,25586
47061,5334
47063,20154
47065,97195
47067,2558
47069,5793
47071,10293
47073,22066
47075,3286
47077,10083
47079,11629
47081,8265
47083,2989
47085,6400
47087,4586
47089,21068
47091,6829
47093,130815
47095,1493
47097,5633
47099,16429
47101,4852
47103,13208
47105,25226
47107,19673
47109,9437
47111,8958
47113,23385
47115,10788
47117,12426
47119,37376
47121,5085
47123,18526
47125,47795
47127,3060
47129,7427
47131,10596
47133,9042
47135,3139
47137,2441
47139,7302
47141,25554
47143,11974
47145,21011
47147,26260
47149,88811
47151,8608
47153,6522
47155,35207
47157,118917
47159,7655
47161,5389
47163,58154
47165,68767
47167,20303
47169,3359
47171,6876
47173,7384
47175,2718
47177,13192
47179,42299
47181,6016
47183,10541
47185,10717
47187,94562
47189,56425
48001,15597
48003,5205
48005,26049
48007,10090
48009,4592
48011,1029
48013,13142
48015,12457
48017,1395
48019,10939
48021,23301
48023,1471
48025,6111
48027,75161
48029,337545
48031,6447
48033,370
48035,7969
48037,27122
48039,95867
48041,56671
48043,2545
48045,666
48047,1077
48049,14593
48051,7590
48053,21795
48055,8880
48057,5939
48059,6180
48061,60991
48063,4011
48065,2866
48067,11693
48069,1594
48071,20567
48073,16593
48075,1991
48077,5288
48079,735
48081,1623
48083,3712
48085,279534
48087,1066
48089,7824
48091,74756
48093,5679
48095,1038
48097,16975
48099,16688
48101,565
48103,1195
48105,1087
48107,1416
48109,451
48111,1285
48113,322569
48115,2810
48117,3233
48119,2250
48121,250521
48123,6515
48125,844
48127,1653
48129,1512
48131,2439
48133,7397
48135,32429
48137,869
48139,64763
48141,105124
48143,15349
48145,4520
48147,13648
48149,10699
48151,1487
48153,1715
48155,448
48157,173592
48159,4473
48161,7500
48163,3060
48165,5840
48167,100295
48169,1374
48171,13202
48173,623
48175,3178
48177,5981
48179,6691
48181,50556
48183,33026
48185,11197
48187,54691
48189,7283
48191,992
48193,3809
48195,1842
48197,1210
48199,24691
48201,722695
48203,22658
48205,1843
48207,1918
48209,58438
48211,1412
48213,31379
48215,110760
48217,13669
48219,6616
48221,30174
48223,13754
48225,7247
48227,7817
48229,759
48231,36137
48233,7273
48235,761
48237,3819
48239,5386
48241,13162
48243,699
48245,46596
48247,725
48249,7636
48251,60752
48253,5988
48255,4001
48257,44063
48259,22668
48261,115
48263,390
48265,21615
48267,2126
48269,129
48271,1063
48273,5612
48275,1156
48277,17044
48279,3398
48281,8961
48283,1417
48285,9215
48287,6724
48289,7982
48291,25241
48293,7081
48295,1125
48297,4307
48299,10902
48301,86
48303,86547
48305,2175
48307,3033
48309,64606
48311,448
48313,4498
48315,3577
48317,1825
48319,2076
48321,9957
48323,9285
48325,17464
48327,861
48329,46944
48331,8691
48333,2418
48335,2144
48337,9825
48339,221964
48341,4458
48343,4092
48345,612
48347,17575
48349,14983
48351,4781
48353,4048
48355,67201
48357,2723
48359,895
48361,30191
48363,11093
48365,9500
48367,75168
48369,2123
48371,3042
48373,19216
48375,23007
48377,686
48379,5649
48381,53314
48383,800
48385,1625
48387,4682
48389,2340
48391,2134
48393,547
48395,6177
48397,43542
48399,3580
48401,17234
48403,4972
48405,2917
48407,10524
48409,17337
48411,2412
48413,906
48415,4945
48417,1565
48419,8164
48421,817
48423,74862
48425,4493
48427,9487
48429,3368
48431,583
48433,604
48435,1167
48437,1840
48439,426626
48441,41198
48443,314
48445,2815
48447,823
48449,7861
48451,33399
48453,170787
48455,6136
48457,8286
48459,16939
48461,1149
48463,6482
48465,9162
48467,24351
48469,25010
48471,17515
48473,17077
48475,3115
48477,14020
48479,33384
48481,12439
48483,2093
48485,31818
48487,3566
48489,2856
48491,155310
48493,20894
48495,1646
48497,32385
48499,20621
48501,2039
48503,7298
48505,2970
48507,1482
49001,2781
49003,22853
49005,39457
49007,6719
49009,443
49011,101293
49013,7815
49015,4341
49017,2211
49019,2327
49021,21571
49023,5671
49025,3277
49027,5558
49029,5300
49031,854
49033,1211
49035,221555
49037,3613
49039,10653
49041,9526
49043,10783
49045,23484
49047,13599
49049,203476
49051,11495
49053,73165
49055,1238
49057,67549
50001,6841
50003,7697
50005,6927
50007,20937
50009,1890
50011,12490
50013,1893
50015,4505
50017,6683
50019,7233
50021,15586
50023,9327
50025,6928
50027,10458
51001,9659
51003,21513
51005,6093
51007,5776
51009,11742
51011,7243
51013,25223
51015,32429
51017,1976
51019,38017
51021,2998
51023,15796
51025,3523
51027,7939
51029,4847
51031,23032
51033,9511
51035,13152
51036,1917
51037,3963
51041,94030
51043,5641
51045,2562
51047,17685
51049,3335
51051,5701
51053,9549
51057,3245
51059,181895
51061,26825
51063,6551
51065,8777
51067,22319
51069,33117
51071,7102
51073,15918
51075,11521
51077,6544
51079,7432
51081,1936
51083,10741
51085,45569
51087,62882
51089,16800
51091,1095
51093,14659
51095,23575
51097,2608
51099,9500
51101,8080
51103,3866
51105,8674
51107,92107
51109,15084
51111,3594
51113,5671
51115,4106
51117,9791
51119,4357
51121,22179
51125,5004
51127,10974
51131,3183
51133,4938
51135,4168
51137,13764
51139,10123
51141,7746
51143,24310
51145,14918
51147,4782
51149,10590
51153,90203
51155,12732
51157,2943
51159,2697
51161,34453
51163,8468
51165,33033
51167,11303
51169,9392
51171,17215
51173,11521
51175,6133
51177,42531
51179,40590
51181,2205
51183,2322
51185,16711
51187,15400
51191,22455
51193,6003
51195,13655
51197,12267
51199,20722
51510,16112
51520,5197
51530,2035
51540,3428
51550,60550
51570,5883
51580,1642
51590,6894
51595,744
51600,4302
51610,1620
51620,1476
51630,4480
51640,1946
51650,18383
51660,6266
51670,3838
51678,1030
51680,19574
51683,6670
51685,2314
51690,2155
51700,26385
51710,24377
51720,1174
51730,1702
51735,5800
51740,12370
51750,3197
51760,17041
51770,15787
51775,7769
51790,5778
51800,22112
51810,109375
51820,5882
51830,2119
51840,5252
53001,3767
53003,7004
53005,59555
53007,22363
53009,21632
53011,123998
53013,1737
53015,34580
53017,13095
53019,2667
53021,19086
53023,973
53025,24326
53027,19432
53029,20967
53031,6324
53033,252193
53035,59080
53037,14645
53039,7178
53041,29322
53043,5272
53045,18127
53047,11555
53049,7010
53051,5826
53053,188194
53055,2890
53057,30765
53059,3961
53061,161371
53063,145338
53065,19895
53067,62282
53069,1757
53071,15476
53073,49213
53075,8699
53077,49368
54001,5071
54003,37580
54005,6314
54007,3991
54009,6986
54011,21229
54013,2391
54015,2597
54017,2541
54019,10910
54021,1822
54023,4949
54025,10517
54027,8464
54029,9462
54031,4997
54033,20480
54035,9907
54037,16573
54039,43352
54041,5550
54043,5770
54045,9500
54047,4310
54049,15881
54051,9808
54053,8232
54055,18372
54057,10247
54059,7325
54061,21084
54063,5089
54065,7009
54067,7960
54069,11593
54071,2687
54073,2632
54075,2889
54077,11176
54079,19868
54081,23644
54083,8356
54085,3473
54087,4189
54089,3931
54091,5422
54093,2669
54095,2991
54097,7633
54099,11934
54101,2478
54103,4718
54105,2120
54107,26380
54109,6503
55001,7763
55003,4191
55005,16726
55007,4860
55009,79132
55011,5213
55013,7008
55015,19488
55017,23399
55019,10481
55021,17988
55023,5113
55025,85454
55027,33067
55029,10099
55031,11732
55033,14726
55035,27728
55037,2356
55039,37272
55041,3382
55043,15922
55045,10843
55047,7458
55049,6631
55051,2557
55053,6204
55055,28771
55057,9525
55059,47478
55061,8267
55063,32247
55065,5256
55067,7782
55069,10633
55071,28200
55073,46213
55075,16670
55077,6041
55078,296
55079,138022
55081,14563
55083,17675
55085,14455
55087,60827
55089,34504
55091,2798
55093,14417
55095,18296
55097,20987
55099,5763
55101,56347
55103,5207
55105,40218
55107,5660
55109,35537
55111,18798
55113,6422
55115,15850
55117,38763
55119,8209
55121,9661
55123,8807
55125,9837
55127,36603
55129,6962
55131,61604
55133,162768
55135,20093
55137,9625
55139,49179
55141,24997
56001,8930
56003,4867
56005,16006
56007,4952
56009,5756
56011,3805
56013,11552
56015,4893
56017,2082
56019,3936
56021,28063
56023,8957
56025,24671
56027,1108
56029,13084
56031,3874
56033,12041
56035,3905
56037,12541
56039,4134
56041,7282
56043,3125
56045,3069
